{
  "training": {
    "accuracy": 0.8445945945945946,
    "precision": 1.0,
    "recall": 0.7444444444444445,
    "sensitivity": 0.7444444444444445,
    "specificity": 1.0,
    "f1_score": 0.8535031847133758,
    "auc_roc": 0.14061302681992338,
    "confusion_matrix": {
      "tn": 58,
      "fp": 0,
      "fn": 23,
      "tp": 67
    },
    "confidence_stats": {
      "mean": 0.47370021600542667,
      "median": 0.4071398676658163,
      "min": 0.00014930776998293518,
      "max": 1.0
    }
  },
  "validation": {
    "accuracy": 0.75,
    "precision": 1.0,
    "recall": 0.6521739130434783,
    "sensitivity": 0.6521739130434783,
    "specificity": 1.0,
    "f1_score": 0.7894736842105263,
    "auc_roc": 0.12560386473429952,
    "confusion_matrix": {
      "tn": 9,
      "fp": 0,
      "fn": 8,
      "tp": 15
    },
    "confidence_stats": {
      "mean": 0.40823792438117823,
      "median": 0.3816426179846939,
      "min": 0.0048235212053571765,
      "max": 1.0
    }
  },
  "test": {
    "accuracy": 0.75,
    "precision": 1.0,
    "recall": 0.6363636363636364,
    "sensitivity": 0.6363636363636364,
    "specificity": 1.0,
    "f1_score": 0.7777777777777778,
    "auc_roc": 0.09545454545454546,
    "confusion_matrix": {
      "tn": 10,
      "fp": 0,
      "fn": 8,
      "tp": 14
    },
    "confidence_stats": {
      "mean": 0.4490453032409253,
      "median": 0.36394723905187076,
      "min": 0.02069598347151356,
      "max": 1.0
    }
  },
  "thresholds": {
    "red_intensity": 52.84776088169643,
    "paleness_score": 0.8849833141778822,
    "redness_ratio": 1.3349917997478122,
    "brightness": null,
    "lab_a": 135.1080695950255,
    "saturation": 24.986771564094386,
    "red_dominance": 11.475187340561227,
    "anemia_color_index": 0.8274749861296475
  },
  "dataset_info": {
    "combined_images_only": true,
    "included": "Only forniceal_palpebral combined images",
    "excluded": "Individual palpebral and forniceal images",
    "total_samples": 212,
    "labeling": "Synthetic labels based on red intensity (< 60 = anemia)"
  }
}