{
  "validation": {
    "accuracy": 0.49230769230769234,
    "precision": 0.5,
    "recall": 0.4696969696969697,
    "sensitivity": 0.4696969696969697,
    "specificity": 0.515625,
    "f1_score": 0.484375,
    "auc_roc": 0.502249053030303,
    "confusion_matrix": {
      "tn": 33,
      "fp": 31,
      "fn": 35,
      "tp": 31
    },
    "confidence_stats": {
      "mean": 0.676923076923077,
      "median": 0.75,
      "min": 0.5,
      "max": 1.0
    }
  },
  "test": {
    "accuracy": 0.5230769230769231,
    "precision": 0.5303030303030303,
    "recall": 0.5303030303030303,
    "sensitivity": 0.5303030303030303,
    "specificity": 0.515625,
    "f1_score": 0.5303030303030303,
    "auc_roc": 0.47727272727272724,
    "confusion_matrix": {
      "tn": 33,
      "fp": 31,
      "fn": 31,
      "tp": 35
    },
    "confidence_stats": {
      "mean": 0.6615384615384615,
      "median": 0.75,
      "min": 0.5,
      "max": 1.0
    }
  },
  "thresholds": {
    "red_intensity": 0.3476899564266205,
    "paleness_score": 0.899144172668457,
    "redness_ratio": 1.3221814632415771,
    "brightness": null
  }
}