{
  "random_forest": {
    "validation_metrics": {
      "accuracy": 0.5461538461538461,
      "precision": 0.5454545454545454,
      "recall": 0.6363636363636364,
      "sensitivity": 0.6363636363636364,
      "f1_score": 0.5874125874125874,
      "specificity": 0.453125,
      "true_negatives": 29,
      "false_positives": 35,
      "false_negatives": 24,
      "true_positives": 42,
      "auc_roc": 0.49976325757575757,
      "per_class_metrics": {
        "0": {
          "precision": 0.5471698113207547,
          "recall": 0.453125,
          "f1-score": 0.49572649572649574,
          "support": 64.0
        },
        "1": {
          "precision": 0.5454545454545454,
          "recall": 0.6363636363636364,
          "f1-score": 0.5874125874125874,
          "support": 66.0
        },
        "accuracy": 0.5461538461538461,
        "macro avg": {
          "precision": 0.5463121783876501,
          "recall": 0.5447443181818181,
          "f1-score": 0.5415695415695416,
          "support": 130.0
        },
        "weighted avg": {
          "precision": 0.5462989840348331,
          "recall": 0.5461538461538461,
          "f1-score": 0.5422748191978961,
          "support": 130.0
        }
      },
      "train_time_seconds": 0.5209765434265137,
      "inference_time_ms": 0.21403019244854268
    },
    "test_metrics": {
      "accuracy": 0.5615384615384615,
      "precision": 0.5671641791044776,
      "recall": 0.5757575757575758,
      "sensitivity": 0.5757575757575758,
      "f1_score": 0.5714285714285714,
      "specificity": 0.546875,
      "true_negatives": 35,
      "false_positives": 29,
      "false_negatives": 28,
      "true_positives": 38,
      "auc_roc": 0.5519649621212122,
      "per_class_metrics": {
        "0": {
          "precision": 0.5555555555555556,
          "recall": 0.546875,
          "f1-score": 0.5511811023622047,
          "support": 64.0
        },
        "1": {
          "precision": 0.5671641791044776,
          "recall": 0.5757575757575758,
          "f1-score": 0.5714285714285714,
          "support": 66.0
        },
        "accuracy": 0.5615384615384615,
        "macro avg": {
          "precision": 0.5613598673300166,
          "recall": 0.5613162878787878,
          "f1-score": 0.5613048368953881,
          "support": 130.0
        },
        "weighted avg": {
          "precision": 0.5614491644342391,
          "recall": 0.5615384615384615,
          "f1-score": 0.561460586657437,
          "support": 130.0
        }
      },
      "inference_time_ms": 0.48268941732553333,
      "mean_confidence": 0.6363058190357496,
      "median_confidence": 0.6231673378736583,
      "min_confidence": 0.5021435032388468,
      "max_confidence": 0.8793623956514734
    }
  },
  "gradient_boosting": {
    "validation_metrics": {
      "accuracy": 0.5461538461538461,
      "precision": 0.547945205479452,
      "recall": 0.6060606060606061,
      "sensitivity": 0.6060606060606061,
      "f1_score": 0.5755395683453237,
      "specificity": 0.484375,
      "true_negatives": 31,
      "false_positives": 33,
      "false_negatives": 26,
      "true_positives": 40,
      "auc_roc": 0.5600142045454546,
      "per_class_metrics": {
        "0": {
          "precision": 0.543859649122807,
          "recall": 0.484375,
          "f1-score": 0.512396694214876,
          "support": 64.0
        },
        "1": {
          "precision": 0.547945205479452,
          "recall": 0.6060606060606061,
          "f1-score": 0.5755395683453237,
          "support": 66.0
        },
        "accuracy": 0.5461538461538461,
        "macro avg": {
          "precision": 0.5459024273011295,
          "recall": 0.545217803030303,
          "f1-score": 0.5439681312800999,
          "support": 130.0
        },
        "weighted avg": {
          "precision": 0.545933854657719,
          "recall": 0.5461538461538461,
          "f1-score": 0.5444538456964879,
          "support": 130.0
        }
      },
      "train_time_seconds": 13.048062324523926,
      "inference_time_ms": 0.007161727318396935
    },
    "test_metrics": {
      "accuracy": 0.5692307692307692,
      "precision": 0.578125,
      "recall": 0.5606060606060606,
      "sensitivity": 0.5606060606060606,
      "f1_score": 0.5692307692307692,
      "specificity": 0.578125,
      "true_negatives": 37,
      "false_positives": 27,
      "false_negatives": 29,
      "true_positives": 37,
      "auc_roc": 0.5705492424242424,
      "per_class_metrics": {
        "0": {
          "precision": 0.5606060606060606,
          "recall": 0.578125,
          "f1-score": 0.5692307692307692,
          "support": 64.0
        },
        "1": {
          "precision": 0.578125,
          "recall": 0.5606060606060606,
          "f1-score": 0.5692307692307692,
          "support": 66.0
        },
        "accuracy": 0.5692307692307692,
        "macro avg": {
          "precision": 0.5693655303030303,
          "recall": 0.5693655303030303,
          "f1-score": 0.5692307692307692,
          "support": 130.0
        },
        "weighted avg": {
          "precision": 0.5695002913752913,
          "recall": 0.5692307692307692,
          "f1-score": 0.5692307692307692,
          "support": 130.0
        }
      },
      "inference_time_ms": 0.006378613985501803,
      "mean_confidence": 0.7234938102269266,
      "median_confidence": 0.7352627770101222,
      "min_confidence": 0.5024385206830015,
      "max_confidence": 0.947405837143975
    }
  },
  "logistic_regression": {
    "validation_metrics": {
      "accuracy": 0.5076923076923077,
      "precision": 0.5147058823529411,
      "recall": 0.5303030303030303,
      "sensitivity": 0.5303030303030303,
      "f1_score": 0.5223880597014925,
      "specificity": 0.484375,
      "true_negatives": 31,
      "false_positives": 33,
      "false_negatives": 31,
      "true_positives": 35,
      "auc_roc": 0.524621212121212,
      "per_class_metrics": {
        "0": {
          "precision": 0.5,
          "recall": 0.484375,
          "f1-score": 0.49206349206349204,
          "support": 64.0
        },
        "1": {
          "precision": 0.5147058823529411,
          "recall": 0.5303030303030303,
          "f1-score": 0.5223880597014925,
          "support": 66.0
        },
        "accuracy": 0.5076923076923077,
        "macro avg": {
          "precision": 0.5073529411764706,
          "recall": 0.5073390151515151,
          "f1-score": 0.5072257758824923,
          "support": 130.0
        },
        "weighted avg": {
          "precision": 0.5074660633484163,
          "recall": 0.5076923076923077,
          "f1-score": 0.5074590417874,
          "support": 130.0
        }
      },
      "train_time_seconds": 0.09451699256896973,
      "inference_time_ms": 0.0035157570472130408
    },
    "test_metrics": {
      "accuracy": 0.46923076923076923,
      "precision": 0.4745762711864407,
      "recall": 0.42424242424242425,
      "sensitivity": 0.42424242424242425,
      "f1_score": 0.448,
      "specificity": 0.515625,
      "true_negatives": 33,
      "false_positives": 31,
      "false_negatives": 38,
      "true_positives": 28,
      "auc_roc": 0.4395123106060606,
      "per_class_metrics": {
        "0": {
          "precision": 0.4647887323943662,
          "recall": 0.515625,
          "f1-score": 0.4888888888888889,
          "support": 64.0
        },
        "1": {
          "precision": 0.4745762711864407,
          "recall": 0.42424242424242425,
          "f1-score": 0.448,
          "support": 66.0
        },
        "accuracy": 0.46923076923076923,
        "macro avg": {
          "precision": 0.46968250179040344,
          "recall": 0.46993371212121215,
          "f1-score": 0.46844444444444444,
          "support": 130.0
        },
        "weighted avg": {
          "precision": 0.46975779055034245,
          "recall": 0.46923076923076923,
          "f1-score": 0.46812991452991454,
          "support": 130.0
        }
      },